Source,Summary,Pain Point,Content Angle
jobs,The post discusses whether a $200k salary justifies a 2-hour commute to San Francisco.,Deciding if a long commute is worth a significantly higher salary.,Compare costs of commuting vs relocating | Pros and cons of long commutes in tech | Tips for negotiating remote or flexible work
jobs,A user expresses missing the dignity and pride of working amid tough job prospects.,I miss feeling pride and self-esteem through employment.,How to maintain dignity while unemployed | Coping strategies for job search frustration | Building self-worth outside of work
careerguidance,A software developer struggles with job dissatisfaction and contemplates career purpose after job elimination news.,Feeling disillusioned and over software development despite needing a new job.,How to find meaning beyond software development | Coping strategies for job dissatisfaction | Financial planning for career transitions
jobs,A job seeker is conflicted about accepting an offer similar to a previous toxic role.,Feeling stuck taking a job similar to a toxic previous role out of desperation.,How to assess a job offer when worried about similarity to old roles | Coping strategies for career disappointment and fear of regression | Balancing immediate income needs with long-term career goals
resumes,Discussion on how resumes of older professionals can unintentionally reveal age and lose impact.,Not getting callbacks or interviews due to outdated resume signals.,How to modernize resumes for experienced professionals | Tips to reduce age-related bias in resumes | Crafting impact-focused bullet points for older applicants
careerguidance,Discussion about the limitations and realities of Employee Assistance Programs (EAPs) in workplaces.,"EAPs offer limited confidentiality and short-term, insufficient mental health support.",Explain confidentiality limits in EAPs | Guide on maximizing EAP short-term support | Compare EAPs with external therapy options
jobs,Reddit discussion on jobs believed to pay well but actually don't.,Discovering expected high-paying jobs offer much lower salaries.,Highlight true salary data for common 'well-paid' jobs | Discuss hidden stresses of low-paying high-responsibility jobs | Explain misconceptions about business owners' income
careerguidance,"An employee's role is being eliminated post-hiring a replacement, seeking advice on transition and notice.",Feeling used to train successor without clear severance or role transition details.,How to negotiate severance and transition terms | When to give notice after accepting new job | Managing burnout during job transition
careerguidance,A user questions the life routine centred around work and feels stuck in a repetitive cycle.,Feeling trapped in a monotonous work-life routine with no energy for hobbies.,How to transition to freelance work successfully | Identify jobs that align with your passions | Techniques to map out and prioritize personal goals
careerguidance,Employee with minimal tasks seeks advice on whether to inform boss or find new job.,Feeling bored and underutilized with too little work assigned.,How to discuss workload concerns diplomatically | Signs it's time to find a new job | Maximizing productivity while underutilized
careerguidance,People share experiences and reasons for quitting jobs effective immediately.,Feeling mistreated or undervalued leading to instant resignation.,How to quit immediately professionally | Dealing with toxic managers effectively | Rights when quitting without notice
jobs,A former Amazon Program Manager discusses repeated job rejections in a tough market.,Getting rejected repeatedly despite strong background and resume efforts.,How to showcase impact with metrics on resumes | Navigating job search in a brutal market | Improving resume framing for mid-senior roles
careerguidance,A Reddit post seeks advice on whether to negotiate a significantly better-than-expected job offer salary.,Unsure whether to negotiate a high salary offer and risk losing the job.,When to negotiate salary and when not to | Risks of negotiating above a generous offer | How to graciously accept a good job offer
careerguidance,Discussion on feeling depressed and directionless after quitting a draining job.,Quitting job but still feeling empty and lacking direction.,How to recover mentally after quitting a toxic job | Creating daily structure post-job to combat depression | Using FMLA for mental health instead of quitting immediately
jobs,Job seeker struggles with low-paying job offers despite current toxic job conditions.,Getting only lower salary offers despite needing to leave toxic job.,How to negotiate salary when offers are below current pay | Evaluating job perks beyond salary | Managing burnout while job hunting
RemoteJobs,A Reddit post sharing newly opened remote job listings in the USA and globally.,Finding quality remote jobs that are still open and accessible.,Curate timely remote job listings by region | Guide on quick application tips for remote roles | Provide global remote job opportunities
RemoteJobs,Discussion on choosing remote work over office jobs despite equal pay and stability.,Deciding if the benefits of remote work outweigh the same pay in office jobs.,Benefits of remote work over office jobs | How to negotiate for remote work benefits | Productivity tips for remote workers
jobs,A teacher seeks perspectives on job dissatisfaction and considering career change options.,"Feeling exhausted, miserable, and stuck in a toxic, stressful teaching job.",How to test new careers with low-risk job applications | Managing burnout while staying in a stressful job | Finding respect and meaning in challenging workplaces
jobs,A person regrets leaving a stable job for a worse work environment and role dissatisfaction.,Feeling trapped in a regressive job with poor environment and mansplaining.,How to evaluate job offers beyond salary | Coping strategies for difficult work cultures | Recognizing and responding to mansplaining at work
resumes,A professional seeks resume advice to transition from ophthalmic technician to roles with growth.,Struggling to get job responses while switching industries.,How to tailor resumes for multiple roles effectively | Using metrics to demonstrate impact on resumes | Strategies for career transitions to growth industries
resumes,CS student with internship experience seeks resume feedback after no callbacks from 400+ job applications.,Applying widely but getting no callbacks for software engineering roles.,How to simplify and declutter your resume | Highlight key skills without overusing bold | Tailor resume for ATS and human readers
resumes,Discussion about the appropriateness and effectiveness of 2-page resumes in job applications.,Confused if 2-page resumes improve job application responses or just fluff.,When to use a one-page vs two-page resume | How to tailor resume length for ATS and HR review | Avoiding filler while including relevant keywords
resumes,Recent graduate seeks advice for finance/wealth management job applications amid rejections.,Facing constant rejections despite applying and tailoring resume.,How to quantify achievements on finance resumes | Building confidence in resume writing | Tailoring resumes for ATS and hiring managers
RemoteJobs,Post shares a Chrome extension for Data Annotation workers to track time and money easily.,Tracking work hours and earnings manually without automation.,Create a guide on tracking project time effectively | List best tools for remote Data Annotation jobs | Tips for improving time management in remote work
RemoteJobs,Post listing high-paying remote job openings across multiple countries and companies.,"Finding reliable, high-paying remote job listings in my country.",Guide to finding high-paying remote jobs globally | Tips for applying to remote jobs by country | How to verify remote job listings authenticity
resumes,"User seeks feedback on cramped resume for QA roles in Germany/EU, with no interviews currently.","Not getting interviews, unsure if resume or skills cause it.",How to format a resume for German QA roles | Tips to create ATS-friendly resumes for entry-level jobs | Prioritizing key skills over detailed projects
resumes,"User seeks advice on including a short, problematic office job on resume for experience.",Deciding to include brief job with bad ending to show office experience.,How to list short jobs positively on resumes | Balancing long vs short job experiences | Showcasing transferable skills from brief roles
resumes,The post discusses concerns about listing multiple colleges on a resume during a transfer period.,Worried that listing multiple colleges hurts my internship chances.,How to list multiple colleges on one resume section | Emphasize skills and projects over education changes | Address resume concerns for transfer students
RemoteJobs,User seeks remote job opportunities for Egyptians; comments suggest US-based startups and freelance options.,Finding decent remote jobs for Egyptians is difficult now.,List US startups hiring remote globally | Guide to freelancing platforms like Upwork | Tips for applying to remote jobs from Egypt
RemoteJobs,User asks if anyone has experience using AsurePay payroll service for remote jobs.,I want feedback on using AsurePay payroll but find no responses.,How to evaluate remote payroll services | Questions to ask before choosing payroll provider | User reviews of popular payroll systems
RemoteJobs,Introduction of r/CareersInCars subreddit for automotive career discussions.,Lack of dedicated spaces for car industry career advice.,How to find job listings in the automotive sector | Building a career network in cars industry | Tips for transitioning into automotive careers remote roles
RemoteJobs,"Chad, a self-taught marketer with 5+ years experience, is seeking a remote full-time marketing role.",Struggling to find fair remote full-time marketing work matching my skills.,How to effectively showcase marketing skills remotely | Navigating remote job applications and subreddit rules | Pricing and negotiating salary for remote marketing roles